product_title,rating,DG_average_image,total_reviews,author,comment_rating,comment
Giầy nam thiết kế dập vân cá sấu nổi bật phong cách trẻ trung - Giầy nam-HT004,4.6,,197 đánh giá,Quách Văn Nhàn,3 sao,
Giầy nam thiết kế dập vân cá sấu nổi bật phong cách trẻ trung - Giầy nam-HT004,4.6,,197 đánh giá,Nguyễn Văn Bằng,5 sao,
Giầy nam thiết kế dập vân cá sấu nổi bật phong cách trẻ trung - Giầy nam-HT004,4.6,,197 đánh giá,lam minh thien,5 sao,
Giầy nam thiết kế dập vân cá sấu nổi bật phong cách trẻ trung - Giầy nam-HT004,4.6,,197 đánh giá,tranthinuoi,5 sao,
Giầy nam thiết kế dập vân cá sấu nổi bật phong cách trẻ trung - Giầy nam-HT004,4.6,,197 đánh giá,Phạm Quốc Việt,5 sao,"Chuyên nghiệp, thân thiện. Đẹp như mô tả. Đóng gói kỹ lưỡng. Chất lượng tuyệt vời. Giá tốt."
Giầy nam thiết kế dập vân cá sấu nổi bật phong cách trẻ trung - Giầy nam-HT004,4.6,,197 đánh giá,Vjnh To,5 sao,Đẹp như mô tả.
Giầy nam thiết kế dập vân cá sấu nổi bật phong cách trẻ trung - Giầy nam-HT004,4.6,,197 đánh giá,Nguyenba Quy,5 sao,
Giầy nam thiết kế dập vân cá sấu nổi bật phong cách trẻ trung - Giầy nam-HT004,4.6,,197 đánh giá,nguyên Dũng,2 sao,
Giầy nam thiết kế dập vân cá sấu nổi bật phong cách trẻ trung - Giầy nam-HT004,4.6,,197 đánh giá,anh lý,5 sao,
Giầy nam thiết kế dập vân cá sấu nổi bật phong cách trẻ trung - Giầy nam-HT004,4.6,,197 đánh giá,Nguyễn anh Văn,5 sao,Tuyệt
Giầy thể thao nam - Giày thể thao nam,4.8,,82 đánh giá,Tran binh,5 sao,"Chuyên nghiệp, thân thiện. Đẹp như mô tả. Đóng gói kỹ lưỡng. Chất lượng tuyệt vời. Giá tốt. Giao hàng nhanh bất ngờ."
Giầy thể thao nam - Giày thể thao nam,4.8,,82 đánh giá,MAI XUAN THO,1 sao,dày quá tuệ quá mỏng mang vào đi vài bước là rách
Giầy thể thao nam - Giày thể thao nam,4.8,,82 đánh giá,vu van quangăn nuôi,5 sao,
Giầy thể thao nam - Giày thể thao nam,4.8,,82 đánh giá,vu van quangăn nuôi,5 sao,
Giầy thể thao nam - Giày thể thao nam,4.8,,82 đánh giá,hoang trung,5 sao,
Giầy thể thao nam - Giày thể thao nam,4.8,,82 đánh giá,Loan Bùi,5 sao,Đẹp như mô tả. Đóng gói kỹ lưỡng. Giao hàng nhanh bất ngờ.
Giầy thể thao nam - Giày thể thao nam,4.8,,82 đánh giá,hien,5 sao,Đẹp như mô tả. Giao hàng nhanh bất ngờ.
Giầy thể thao nam - Giày thể thao nam,4.8,,82 đánh giá,phạm xuân thành,5 sao,
Giầy thể thao nam - Giày thể thao nam,4.8,,82 đánh giá,Nguyễn Thị Hằng,5 sao,
Giầy thể thao nam - Giày thể thao nam,4.8,,82 đánh giá,Nguyễn Tuấn thành,5 sao,Giá tốt.
Giầy nam da bò cao cấp đế cao su đúc bảo hành 1 năm - giầy nam- giầy nam,5.0,,21 đánh giá,Gia thiều,5 sao,"Chuyên nghiệp, thân thiện. Đóng gói kỹ lưỡng. Đẹp như mô tả. Chất lượng tuyệt vời. Giá tốt. Giao hàng nhanh bất ngờ."
Giầy nam da bò cao cấp đế cao su đúc bảo hành 1 năm - giầy nam- giầy nam,5.0,,21 đánh giá,Thanh Tùng,5 sao,"Chuyên nghiệp, thân thiện. Đẹp như mô tả. Đóng gói kỹ lưỡng. Chất lượng tuyệt vời. Giá tốt. Giao hàng nhanh bất ngờ."
Giầy nam da bò cao cấp đế cao su đúc bảo hành 1 năm - giầy nam- giầy nam,5.0,,21 đánh giá,0***,5 sao,Đẹp như mô tả.
Giầy nam da bò cao cấp đế cao su đúc bảo hành 1 năm - giầy nam- giầy nam,5.0,,21 đánh giá,Anh Hoàng,4 sao,Giao hàng nhanh. đề nghị shop thêm phần cho xem hàng
Giầy nam da bò cao cấp đế cao su đúc bảo hành 1 năm - giầy nam- giầy nam,5.0,,21 đánh giá,phuc59,5 sao,"Đẹp như mô tả. Đóng gói kỹ lưỡng. mới nhận hàng, rất vừa lòng. hy vọng là da thật và xài bền như shop giới thiệu"
Giầy nam da bò cao cấp đế cao su đúc bảo hành 1 năm - giầy nam- giầy nam,5.0,,21 đánh giá,long,5 sao,Đẹp như mô tả.
Giầy nam da bò cao cấp đế cao su đúc bảo hành 1 năm - giầy nam- giầy nam,5.0,,21 đánh giá,chu Minh Ngọc,5 sao,Đẹp như mô tả.
Giầy nam da bò cao cấp đế cao su đúc bảo hành 1 năm - giầy nam- giầy nam,5.0,,21 đánh giá,ngo thi Mỹ hanh,5 sao,"Chuyên nghiệp, thân thiện. Đẹp như mô tả."
Giầy nam da bò cao cấp đế cao su đúc bảo hành 1 năm - giầy nam- giầy nam,5.0,,21 đánh giá,Truong Thi Diem Trinh,5 sao,
Giầy nam da bò cao cấp đế cao su đúc bảo hành 1 năm - giầy nam- giầy nam,5.0,,21 đánh giá,Trần Thị Minh Thư,5 sao,
product_title,price,rating,DG_average_image,total_reviews,author,comment_rating,comment
Giầy nam thiết kế dập vân cá sấu nổi bật phong cách trẻ trung - Giầy nam-HT004,279.000đ,4.6,,197 đánh giá,Quách Văn Nhàn,3 sao,
Giầy nam thiết kế dập vân cá sấu nổi bật phong cách trẻ trung - Giầy nam-HT004,279.000đ,4.6,,197 đánh giá,Nguyễn Văn Bằng,5 sao,
Giầy nam thiết kế dập vân cá sấu nổi bật phong cách trẻ trung - Giầy nam-HT004,279.000đ,4.6,,197 đánh giá,lam minh thien,5 sao,
Giầy nam thiết kế dập vân cá sấu nổi bật phong cách trẻ trung - Giầy nam-HT004,279.000đ,4.6,,197 đánh giá,tranthinuoi,5 sao,
Giầy nam thiết kế dập vân cá sấu nổi bật phong cách trẻ trung - Giầy nam-HT004,279.000đ,4.6,,197 đánh giá,Phạm Quốc Việt,5 sao,"Chuyên nghiệp, thân thiện. Đẹp như mô tả. Đóng gói kỹ lưỡng. Chất lượng tuyệt vời. Giá tốt."
Giầy nam thiết kế dập vân cá sấu nổi bật phong cách trẻ trung - Giầy nam-HT004,279.000đ,4.6,,197 đánh giá,Vjnh To,5 sao,Đẹp như mô tả.
Giầy nam thiết kế dập vân cá sấu nổi bật phong cách trẻ trung - Giầy nam-HT004,279.000đ,4.6,,197 đánh giá,Nguyenba Quy,5 sao,
Giầy nam thiết kế dập vân cá sấu nổi bật phong cách trẻ trung - Giầy nam-HT004,279.000đ,4.6,,197 đánh giá,nguyên Dũng,2 sao,
Giầy nam thiết kế dập vân cá sấu nổi bật phong cách trẻ trung - Giầy nam-HT004,279.000đ,4.6,,197 đánh giá,anh lý,5 sao,
Giầy nam thiết kế dập vân cá sấu nổi bật phong cách trẻ trung - Giầy nam-HT004,279.000đ,4.6,,197 đánh giá,Nguyễn anh Văn,5 sao,Tuyệt

product_title,price,rating,DG_average_image,total_reviews,author,comment_rating,comment
Giầy nam thiết kế dập vân cá sấu nổi bật phong cách trẻ trung - Giầy nam-HT004,279.000đ,4.6,,197 đánh giá,Nguyễn anh Văn,5 sao,Tuyệt
product_title,price,rating,DG_average_image,total_reviews,author,comment_rating,comment
Giầy nam thiết kế dập vân cá sấu nổi bật phong cách trẻ trung - Giầy nam-HT004,279.000đ,4.6,,197 đánh giá,Quách Văn Nhàn,3 sao,
Giầy nam thiết kế dập vân cá sấu nổi bật phong cách trẻ trung - Giầy nam-HT004,279.000đ,4.6,,197 đánh giá,Nguyễn Văn Bằng,5 sao,
Giầy nam thiết kế dập vân cá sấu nổi bật phong cách trẻ trung - Giầy nam-HT004,279.000đ,4.6,,197 đánh giá,lam minh thien,5 sao,
Giầy nam thiết kế dập vân cá sấu nổi bật phong cách trẻ trung - Giầy nam-HT004,279.000đ,4.6,,197 đánh giá,tranthinuoi,5 sao,
Giầy nam thiết kế dập vân cá sấu nổi bật phong cách trẻ trung - Giầy nam-HT004,279.000đ,4.6,,197 đánh giá,Phạm Quốc Việt,5 sao,"Chuyên nghiệp, thân thiện. Đẹp như mô tả. Đóng gói kỹ lưỡng. Chất lượng tuyệt vời. Giá tốt."
Giầy nam thiết kế dập vân cá sấu nổi bật phong cách trẻ trung - Giầy nam-HT004,279.000đ,4.6,,197 đánh giá,Vjnh To,5 sao,Đẹp như mô tả.
Giầy nam thiết kế dập vân cá sấu nổi bật phong cách trẻ trung - Giầy nam-HT004,279.000đ,4.6,,197 đánh giá,Nguyenba Quy,5 sao,
Giầy nam thiết kế dập vân cá sấu nổi bật phong cách trẻ trung - Giầy nam-HT004,279.000đ,4.6,,197 đánh giá,nguyên Dũng,2 sao,
Giầy nam thiết kế dập vân cá sấu nổi bật phong cách trẻ trung - Giầy nam-HT004,279.000đ,4.6,,197 đánh giá,anh lý,5 sao,
Giầy nam thiết kế dập vân cá sấu nổi bật phong cách trẻ trung - Giầy nam-HT004,279.000đ,4.6,,197 đánh giá,Nguyễn anh Văn,5 sao,Tuyệt
product_title,price,rating,DG_average_image,total_reviews,author,comment_rating,comment
Giầy nam thiết kế dập vân cá sấu nổi bật phong cách trẻ trung - Giầy nam-HT004,279.000đ,4.6,,197 đánh giá,Nguyễn anh Văn,5 sao,Tuyệt
product_title,price,rating,DG_average_image,total_reviews,author,comment_rating,comment
Giầy nam thiết kế dập vân cá sấu nổi bật phong cách trẻ trung - Giầy nam-HT004,279.000đ,4.6,,197 đánh giá,Nguyễn anh Văn,5 sao,"['', '', '', '', 'Chuyên nghiệp, thân thiện. Đẹp như mô tả. Đóng gói kỹ lưỡng. Chất lượng tuyệt vời. Giá tốt.', 'Đẹp như mô tả.', '', '', '', 'Tuyệt']"
product_title,price,rating,DG_average_image,total_reviews,author,comment_rating,comment
Giầy nam thiết kế dập vân cá sấu nổi bật phong cách trẻ trung - Giầy nam-HT004,279.000đ,"['4.6', '4.6', '4.6', '4.6', '4.6', '4.6', '4.6', '4.6', '4.6', '4.6']",,197 đánh giá,"['Quách Văn Nhàn', 'Nguyễn Văn Bằng', 'lam minh thien', 'tranthinuoi', 'Phạm Quốc Việt', 'Vjnh To', 'Nguyenba Quy', 'nguyên Dũng', 'anh lý', 'Nguyễn anh Văn']",5 sao,"['', '', '', '', 'Chuyên nghiệp, thân thiện. Đẹp như mô tả. Đóng gói kỹ lưỡng. Chất lượng tuyệt vời. Giá tốt.', 'Đẹp như mô tả.', '', '', '', 'Tuyệt']"
product_title,price,rating,DG_average_image,total_reviews,author,comment_rating,comment
Giầy nam thiết kế dập vân cá sấu nổi bật phong cách trẻ trung - Giầy nam-HT004,279.000đ,4.6,,197 đánh giá,"['Quách Văn Nhàn', 'Nguyễn Văn Bằng', 'lam minh thien', 'tranthinuoi', 'Phạm Quốc Việt', 'Vjnh To', 'Nguyenba Quy', 'nguyên Dũng', 'anh lý', 'Nguyễn anh Văn']","['3 sao', '5 sao', '5 sao', '5 sao', '5 sao', '5 sao', '5 sao', '2 sao', '5 sao', '5 sao']","['', '', '', '', 'Chuyên nghiệp, thân thiện. Đẹp như mô tả. Đóng gói kỹ lưỡng. Chất lượng tuyệt vời. Giá tốt.', 'Đẹp như mô tả.', '', '', '', 'Tuyệt']"
